ID,Sequence,Membrane,Cytoplasm,Nucleus,Extracellular,Cell membrane,Mitochondrion,Plastid,Endoplasmic reticulum,Lysosome/Vacuole,Golgi apparatus,Peroxisome
O24567,MASRMGMVAIMSLFVYAIVVPTSVNANAWQTDDKPGVNRNMEMQQQQGGFIGHRPRLASFNRASNQEGDRKRTVPSGPNHKHNNIPSHTPHHPPSYVQALYEDDRTITSPGPSKSIGPPPLPDRY,0,0,0,1,0,0,0,0,0,0,0
O24565,MASRMGMVAIVSLFVCALVASTSVNANVWQTDEDAFYSTNKLGVNGNMEMAQQQSGFIGHRPRLASFNRASKQLDSEKRPVPSGPDPIHHSIPSHAPQHPPSYGKAPYEDDRSRASPGLSNPIGPPPFLDRY,0,0,0,1,0,0,0,0,0,0,0
P86169,HLLQFNKMIKFETRKNAIPFYAFYGCYCGWGGRGRPKDATDRCCFVHDCCYGKLAKCNTKWDIYPYSLKSGYITCGKGTWCEEQICECDRVAAECLRRSLSTYKYGYMFYPDSRCRGPSETC,0,0,0,1,0,0,0,0,0,0,0
P86947,MQAVLLVVALFGAALADPPKKIHLPTPKVKRVEKLAHQEHGVNVVQAVPITKTVVRTVNVPKTLIQEVPIHVYTDLVLKSPVPRRKVIDIKKTVLQPHIRHVPVDQPYVVHRKVPVIHTKIVRQPRPVPRIVNIPRLKVVQKQINRIIDVPRLVTRERVHRVIKPVPVVRTRVQHVDVDVPMRVVVPEPVVQDRHTQSVETVPVPHDVVRKVKVPKTFVLKDLIPVPEKAGRHYSSDK,0,0,0,1,0,0,0,0,0,0,0
P85092,LTCVTSKSIFGITTEDCPDGQNLCFKRRHYVVPKIYDSTRGCAATCPIPENYDSIHCCKTDKCNE,0,0,0,1,0,0,0,0,0,0,0
P31431-2,MAPARLFALLLFFVGGVAESIRETEVIDPQDLLEGRYFSGALPDDEDVVGPGQESDDFELSGSGDLDDLEDSMIGPEVVHPLVPLDNHIPERAGSGSQVPTEPKKLEENEVIPKRISPVEESEDVSNKVSMSSTVQGSNIFERTEVLAGCPEH,0,0,0,1,0,0,0,0,0,0,0
P85520,LTCLICPEKYCNKVHTCRNGEKICFKKFTQRKLLGKRYIRGCAATCPEAKPREIVECCSTDKCNH,0,0,0,1,0,0,0,0,0,0,0
P83490,QAIGPPYGLCFQCNQKTSSDCTEARRCSPFHEKCYTLYQPDENWMKSSGLSHFGCGKQCPTAGPEGRVTCCLTPRCN,0,0,0,1,0,0,0,0,0,0,0
P0DMF3,MKLQIILLISAFILLLSISHTEAFLGFLKNLFGKRALRDLNKYDYMSDPSFSAEDIKALRELFR,0,0,0,1,0,0,0,0,0,0,0
P84841,GIFSKLAGKKLKNLLISGLKNVGKEVGMDVVRTGIDIAGCKIKGEC,0,0,0,1,0,0,0,0,0,0,0
Q8N2E6,MAAATRGCRPWGSLLGLLGLVSAAAAAWDLASLRCTLGAFCECDFRPDLPGLECDLAQHLAGQHLAKALVVKALKAFVRDPAPTKPLVLSLHGWTGTGKSYVSSLLAHYLFQGGLRSPRVHHFSPVLHFPHPSHIERYKKDLKSWVQGNLTACGRSLFLFDEMDKMPPGLMEVLRPFLGSSWVVYGTNYRKAIFIFIRWLLKLGHHGRAPPRRSGALPPAPAAPRPALRAQRAGPAGPGAKG,0,0,0,1,0,0,0,0,0,0,0
P84262,GIFPKIIGKGIKTGIVNGIKSLVKGVGMKVFKAGLSNIGNTGCNEDEC,0,0,0,1,0,0,0,0,0,0,0
P24778,LICHNRPLPFLHKTCPEGQNICYKMTLKKTPMKLSVKRGCAATCPSERPLVQVECCKTDKCNW,0,0,0,1,0,0,0,0,0,0,0
P24776,LKCHNKVVPFLSKTCPEGKNLCYKMTLKKVPKIPIKRGCTDACPKSSLLVNVMCCKTDKCN,0,0,0,1,0,0,0,0,0,0,0
P24777,LKCHNKLVPFLSKTCPDGKNLCYKMSMEVTPMIPIKRGCTDTCPKSSLLVKVVCCKTDKCN,0,0,0,1,0,0,0,0,0,0,0
Q5BKQ4,MLILWTIPLFLLGAAQGKEVCYDNLGCFSDAEPWAGTAIRPLKLLPWSPEKINTRFLLYTNENPTAFQTLQLSDPSTIEASNFQVARKTRFIIHGFIDKGEENWVVDMCKNMFQVEEVNCICVDWKRGSQTTYTQAANNVRVVGAQVAQMIDILVRNFNYSASKVHLIGHSLGAHVAGEAGSRTPGLGRITGLDPVEANFEGTPEEVRLDPSDADFVDVIHTDAAPLIPFLGFGTNQMVGHFDFFPNGGQYMPGCKKNALSQIVDIDGIWSGTRDFVACNHLRSYKYYLESILNPDGFAAYPCASYRDFESNKCFPCPDQGCPQMGHYADKFANNTSVEPQKFFLNTGEAKNFARWRYRVSLTFSGRTVTGQVKVSLFGSNGNTRQCDIFRGIIKPGATHSNEFDAKLDVGTIEKVKFLWNNHVVNPSFPKVGAAKITVQKGEERTEHNFCSEETVREDILLTLLPCKTSDTM,0,0,0,1,0,0,0,0,0,0,0
P86098,LTCKTCPFNTCANSETCPAGKNICYQKKWEEHRGERIERRCVANCPKLGSNDKSLLCCRRDDCN,0,0,0,1,0,0,0,0,0,0,0
P49126,MKVFVVLLCLSLAAVYALEERLDKDADIMLDSPADMERAKDGDVEGPAGCKKYDVECDSGECCQKQYLWYKWRPLDCRCLKSGFFSSKCVCRDV,0,0,0,1,0,0,0,0,0,0,0
P01418,RICYNHQSTTPATTKSCGENSCYKKTWSDHRGTIIERGCGCPKVKRGVHLHCCQSDKCNN,0,0,0,1,0,0,0,0,0,0,0
Q9LHF1,MKNNTTQSLLLLLLFFFFFFEISHSLSISSNAPLSDTEVRFIQRRQLLYYRDEFGDRGENVTVDPSLIFENPRLRSAYIALQAWKQAILSDPNNITVNWIGSNVCNYTGVFCSKALDNRKIRTVAGIDLNHADIAGYLPEELGLLTDLALFHVNSNRFCGTVPHKFKQLKLLFELDLSNNRFAGKFPTVVLHLPSLKFLDLRFNEFEGTVPKELFSKNLDAIFINHNRFRFELPENFGDSPVSVIVLANNHFHGCIPTSLVEMKNLNEIIFMNNGLNSCLPADIGRLKNVTVFDVSFNELVGPLPESVGGMVEVEQLNVAHNLLSGKIPASICQLPKLENFTYSYNFFTGEAPVCLRLSEFDDRRNCLPGRPAQRSSRQCSAFLSRPSVDCGSFGCGRSVVKPSPPIVALPPPPPPSPPLPPPVYSPPPSPPVFSPPPSPPVYSPPPPPSIHYSSPPPPPVHHSSPPPPSPEFEGPLPPVIGVSYASPPPPPFY,0,0,0,1,0,0,0,0,0,0,0
P86686,NKYCNIKCSKVAHTVCQTGESTKPSSKNCAKVSITSVGVTEEEKKLIVDEHNRFRQKVAQGLETRGNPGPQPAASDMNNLVWNDELAYIAQVWASQCQFFVHDKCRNTAQYQVGQNIAYSASTAAYPGVVKLIVLWENEVKDFNYNTGITKENFAKVGHYTQVVWAKTKEVGCGSIKYIEKGMKSHYLVCNYGPAGNVLGAQIYEIK,0,0,0,1,0,0,0,0,0,0,0
Q9FZE4,MTMTHLNRLILISLLFVSLLLKSSTASSTVVDEGNRTSRNFRYRTHRFVPRFNHHPYHVTPHRSCDSFIRPYARSMCIELQRIHRSSRKQPLLSPPPPEIDPRYGVDKRLVPSGPNPLHN,0,0,0,1,0,0,0,0,0,0,0
P0C1Y9,TMCYSHTTTSRAILTNCGENSCYRKSRRHPPKMVLGRGCGCPPGDDYLEVKCCTSPDKCNY,0,0,0,1,0,0,0,0,0,0,0
P0CH87,FNPCPYSDDTVKMIVLTRENKKYDFYTLDTIKNHNEFKDTITLKPHVFITHGFTSSATAENFVVMAKALLDKGNYLVILTDWRMAACTNEIAGLKLAYYPYAASNTRLVGNYIATVTKMLVQKYNVPMANIRLIGHSLGAHISGFAGKKVQELGLGKYPEIIGLDPAGPSFKSNDCSQRICETDANYVQIIHTSNRLGTERTLGTVDFYMNNGYNQPGCGLPIIGETCSHTRAVKYFTECIKHECCLIGVPKSKNPQPVSKCTRNECVCVGLNAKTYPKTGSFYVPVESKAPYCNNKGKII,0,0,0,1,0,0,0,0,0,0,0
P0CH86,GSKCPFSDDTVAMVIVTRENRNRDFYTLQTLRNHDEFKKKAITRPVVFITHGFTSSATVESFVDLQTAILEXXXXKVTVSDWRVAACNRTTGLLYYVTAVSNTRLVGRYIATVTKKLVTDYNVSMADIRLIGHSLGAHVSGFAGKEVQKLKLEKYSEIIGLDPAGPSFESNDCAERLCKTDAHYVQIIHTSKKFGIEKSIGHVDFYVNQGNNQPGCGIIPLKDVCSHSRAITYMTECIKRECCLIGIPQSKSSKSISSCTRQECVCVGLKAKSYPNTGSFYVPVESTAPFCNNKGKII,0,0,0,1,0,0,0,0,0,0,0
P0DM36,NNCPHDWLPMNGLCYKIFDELKAWEDAERFCRKYKPGCHLASFHTYGESLEIAEYISDYHKGQAEVWIGLWDKKKDFSWEWTDRSCTDYLTWDKNQPDVYQNKEFCVELVSLTGYRLWNDQVCESKNAFLCQCKF,0,0,0,1,0,0,0,0,0,0,0
P86194,YKQCHKKGGHCFPKEVLICIPPSSDFGKMDCRWKRKCCKKRS,0,0,0,1,0,0,0,0,0,0,0
P86193,YKRCHIKGGHCFPKEKLICIPPSSDIGKMDCPWKRKCCKKRS,0,0,0,1,0,0,0,0,0,0,0
P81508,DLECPSGWSSYDRYCYKPFKQEMTWADAERFCSEQAKGRHLLSVETALEASFVDNVLYANKEYLTRYIWIGLRVQNKGQPCSSIYSENLVDPFDCFMVSRDTRLREWFKVDCEQQHSFICKFTRPRR,0,0,0,1,0,0,0,0,0,0,0
P86974,DLWQFGQMILKETGKLPFPYYTTYGCYCGWGGQGQPKDATDRCCFVHDCCYGKLTNCKPKTDRYSYSRENGVIICGEGTPCEKQICECDKAAAVCFRENLRTYKXXYMAYPDVLCKKPAEKC,0,0,0,1,0,0,0,0,0,0,0
P86975,SLFELGKMILQETGKNSVKSYGVYGCNCGVGGRGKPKDATDRCCYVHKCCYKKLTGCDPKKDRYSYSWKDKTIVCGENNPCLKELCECDKAVAICLRENLGTYNKKYRYHLKPFCKKADPC,0,0,0,1,0,0,0,0,0,0,0
Q00896,MTPSISWGLLLLAGLCCLVPSFLAEDVQETDTSQKDQSPASHEIATNLGDFAISLYRELVHQSNTSNIFFSPVSIATAFAMLSLGSKGDTHTQILEGLQFNLTQTSEADIHKSFQHLLQTLNRPDSELQLSTGNGLFVNNDLKLVEKFLEEAKNHYQAEVFSVNFAESEEAKKVINDFVEKGTQGKIVEAVKKLDQDTVFALANYILFKGKWKKPFDPENTEEAEFHVDESTTVKVPMMTLSGMLDVHHCSTLSSWVLLMDYAGNATAVFLLPDDGKMQHLEQTLSKELISKFLLNRRRRLAQIHFPRLSISGEYNLKTLMSPLGITRIFNNGADLSGITEENAPLKLSQAVHKAVLTIDETGTEAAAVTVLLAVPYSMPPILRFDHPFLFIIFEEHTQSPLFVGKVVDPTH,0,0,0,1,0,0,0,0,0,0,0
Q00898,MTPSISWCLLLLAGLCCLVPSFLAEDVQETDTSQKDQSPASHEIATNLGDFAISLYRELVHQSNTSNIFFSPVSIATAFAMLSLGSKGDTHTQILEGLQFNLTQTSEADIHNSFQHLLQTLNRPDSELQLSTGNGLFVNNDLKLVEKFLEEAKNHYQAEVFSVNFAESEEAKKVINDFVEKGTQGKIVEAVKKLEQDTVFVLANYILFKGKWKKPFDPENTKQAEFHVDESTTVKVPMMTLSGMLDVHHCSTLSSWVLLMDYAGNATAVFLLPDDGKMQHLEQTLNKELISKFLLNRRRRLAQIHIPRLSISGNYNLETLMSPLGITRIFNSGADLSGITEENAPLKLSQAVHKAVLTIDETGTEAAAATVLQGGFLSMPPILHFNRPFLFIIFEEHSQSPLFVGKVVDPTHK,0,0,0,1,0,0,0,0,0,0,0
Q5D7H4,DRTIWPKKGFSIYWNIPTHFCHNFGVYFKELKQFNIKYNSMNNFRGETISLFYDPGNFPSMVLLKNGTYEIRNEGVPQKGNLTIHLEQFTKELDEIYPKKIAGGIGVIHFHNWRPIFRRNVDNLKINKDISIDLVRKEHPKWDKSMIEKEASNRFETSAKIFMEKTLKLAKEIRKKTEWGYHGYPHCLSGSTDKPSFDCDALSMSENDKMSWLFNNQNVLLPSIYLKNVLKPDEKIHLVQERLKEAIRISKNFKHLPKVLPYWWYTYQDKESIFLTEADVKNTFKEILTNGADGIIIWGVSYELTDRKRCEKLKEYLMKILGPIAFKVTKAVKENTPLNF,0,0,0,1,0,0,0,0,0,0,0
P84590,VVYTDCTESGQNLCLCEGSNVCGQGNKCILGSDGEKNQCVTGEGTPGPQSHNDGDFEEPEEYL,0,0,0,1,0,0,0,0,0,0,0
P83800,QVFDQACKGIYDRAIFKKLDRVCDDCYNLYRKPYVATTCRQNCYANSVFRQCLDDLLLIDVVDEYISGVQIV,0,0,0,1,0,0,0,0,0,0,0
Q59KI0,MRNALNNLADTVENPEQTTRFENEMDNFFTLFRRYLTEKASGSTLDWDKIRSPSSDEVVEYGDLNSANNSANLSKLAVLKLNGGLGTSMGCVGPKSVIEVRDGNNFLDLAVRQIEHLNRKYDADVPLLLMNSFNTDADTEKIIKKYQSHRIRVKTFNQSRFPRIYKDSLLPVPESFDDSLEAWYPPGHGDLFEALVQSGELDALLAQGREILFVSNGDNLGATVDSKILDHMIETGAEYIMELTPKTRADVKGGTLINYQGEVRLLEIAQVPKEHVEEFKSIKKFKYFNTNNLWINLRAIKKLVEANAIEVEIIPNQKTISHGKSDINVLQLETAVGAAIRHFKGAHGVVVPRSRFLPVKTCSDLLLVKSDLFYLEHGALVLDPTRDGFSNPLIKLGSHFKKVSGFQSRIPYIPKILELDHLTITGNVTIGKGVQLKGTVIIVCNDGDKIDIPNGAILENVVVTGNLTILEH,0,0,0,1,0,0,0,0,0,0,0
P83669,VTCDLLSFEAKGFAANHSICAAHCLAIGRKGGSCQNGVCVCRN,0,0,0,1,0,0,0,0,0,0,0
P83668,VTCDLLSFEAKGFAANHSICAAHCLVIGRKGGACQNGVCVCRN,0,0,0,1,0,0,0,0,0,0,0
P80965,TKCYKTGDRIISEACPPGQDLCYMKTWCDVFCGTRGRVIELGCTATCPTVKPHEQITCCSTDNCDPHHKMLQ,0,0,0,1,0,0,0,0,0,0,0
P0C893,DRDSCIDKSRCSKYGYYQECQDCCKKAGHNGGTCMFFKCKCA,0,0,0,1,0,0,0,0,0,0,0
P01397,RTCNKTPSDQSKICPPGENICYTKTWCDAWCSQRGKIVELGCAATCPKVKAGVEIKCCSTDNCNKFKFGKPR,0,0,0,1,0,0,0,0,0,0,0
Q53B54,TKCYITPDVKSETCPDGENICYTKSWCDVFCTSRGKRIDLGCAATCPKVKPGVDIKCCSTDNCNPFTPWKRH,0,0,0,1,0,0,0,0,0,0,0
Q14393,MAPSLSPGPAALRRAPQLLLLLLAAECALAALLPAREATQFLRPRQRRAFQVFEEAKQGHLERECVEELCSREEAREVFENDPETDYFYPRYLDCINKYGSPYTKNSGFATCVQNLPDQCTPNPCDRKGTQACQDLMGNFFCLCKAGWGGRLCDKDVNECSQENGGCLQICHNKPGSFHCSCHSGFELSSDGRTCQDIDECADSEACGEARCKNLPGSYSCLCDEGFAYSSQEKACRDVDECLQGRCEQVCVNSPGSYTCHCDGRGGLKLSQDMDTCELEAGWPCPRHRRDGSPAARPGRGAQGSRSEGHIPDRRGPRPWQDILPCVPFSVAKSVKSLYLGRMFSGTPVIRLRFKRLQPTRLVAEFDFRTFDPEGILLFAGGHQDSTWIVLALRAGRLELQLRYNGVGRVTSSGPVINHGMWQTISVEELARNLVIKVNRDAVMKIAVAGDLFQPERGLYHLNLTVGGIPFHEKDLVQPINPRLDGCMRSWNWLNGEDTTIQETVKVNTRMQCFSVTERGSFYPGSGFAFYSLDYMRTPLDVGTESTWEVEVVAHIRPAADTGVLFALWAPDLRAVPLSVALVDYHSTKKLKKQLVVLAVEHTALALMEIKVCDGQEHVVTVSLRDGEATLEVDGTRGQSEVSAAQLQERLAVLERHLRSPVLTFAGGLPDVPVTSAPVTAFYRGCMTLEVNRRLLDLDEAAYKHSDITAHSCPPVEPAAA,0,0,0,1,0,0,0,0,0,0,0
P19003,RKCLNTPLPLFYKTCPEGKDLCYKMNFKLLPKKLSIKRGCTDTCPKSSLLVKVVCCDTDKCNK,0,0,0,1,0,0,0,0,0,0,0
P19004,RKCFNSPGRLVSKPCPEGNNLCYKMSNRMYPPGFNVRRGCAETCPRRNRLLEVVCCCDTDNCNK,0,0,0,1,0,0,0,0,0,0,0
P0C1Z0,TMCYSHTTTSRAILTNCGENSCYRKSRRHPPKMVLGRGCGCPPGDDNLEVKCCTSPDKCNY,0,0,0,1,0,0,0,0,0,0,0
B2BRQ5,MKTLLLTLVVVTIVCLDFGGGLICYMGPKTPRTCPPGQNLCYTKTWCDGFCGSRGKVVVLGCAATCPTVKPGVDITCCATDKCNPFPKTKAPWERP,0,0,0,1,0,0,0,0,0,0,0
Q7Z5A7-2,MQLLKALWALAGAALCCFLVLVIHAQFLKEGQLAAGTCEIVTLDRDSSQPRRTIARQTARCACRKGQIAGTTRARPACVDARIIKTKQWCDMLPCLEGEGCDLLINRSGWTCTQPGGRIKTTTVS,0,0,0,1,0,0,0,0,0,0,0
P86968,MKYVALAFVLSLVILQISAQGGGLTSLLLQKEYMPDSWFDYKLAQMILGGPTGRKSRTQSGRNQRKSNSDSWLWLALAN,0,0,0,1,0,0,0,0,0,0,0
P86965,MKYVALAFVLSLVILQISAQVGAAYIPGMGLGSVGRTGAVAGASAGVGNQGRGAGILRLLSIIMELVKNNQQAQPKQDTFGAQLQSLLKKKMILEMIN,0,0,0,1,0,0,0,0,0,0,0
P82959,MKVTLIAILTCAAVLVLHTTAAEELEAESQLMEVGMPDTELAAVDEERLFECSFSCEIEKEGDKPCKKKKCKGGWKCKFNMCVKV,0,0,0,1,0,0,0,0,0,0,0
P85054,GLFSKFNKKKIKSGLFKIIKTAGKEAGLEALRTGIDVIGCKIKGEC,0,0,0,1,0,0,0,0,0,0,0
C0HJL8,NLLQFNRMIKLETKKNAVPFYAFYGCYCGWGGQGQPKDATDRCCFEHDCCYGKLTKCNTKSDLYSYSSKYGFLLCGKGTWCEEQICECDRIAATCLRRSLDTYKLKYMFYLDSYCKGPSEKC,0,0,0,1,0,0,0,0,0,0,0
P84674,SLLEFGMMILEETGKLAVPFYSSYGCYCGWGGKGTPKDATDRCCFVHDCCYGNLPDCTPKPDRYKYKRVNGAIVCEQGTSCENRICECDKAAAICFTKNLNTYSKIYMLYPDFLCKGELKC,0,0,0,1,0,0,0,0,0,0,0
P83580,MNTATGFIVLLVLATVLGAIEAEDAVPDFEGGFASHAREDTVGGKIRRSSVCIPSGQPCPYNEHCCSGSCTYKENENGNTVQRCD,0,0,0,1,0,0,0,0,0,0,0
P83909,ECADVYKECWYPEKPCCKDRACQCSLGMNCKCKATLGDIF,0,0,0,1,0,0,0,0,0,0,0
Q8S8N0,MASFKLWVCLILLLLEFSVHQCRPLVAEESPSDSGNIRKIMRELLKRSEELKVRSKDGQTVLGTLDSKRLSPGGPDPRHH,0,0,0,1,0,0,0,0,0,0,0
P83905,CGDINAPCQSDCDCCGYSVTCDCYWSKDCKCRESNFVIGMALRKAFCKNK,0,0,0,1,0,0,0,0,0,0,0
P83902,ACLARGETCKDDCECCDCDNQCYCPFDWFGGKWHPVGCSCAHANKYFCDHKKEKCKKA,0,0,0,1,0,0,0,0,0,0,0
P83901,GCLDIGKTCKDDCECCGCGNVCYCPFDWFGGSWQPFGCSCAYGLKYVCAHKQKKCPNV,0,0,0,1,0,0,0,0,0,0,0
P01140,EDHPVHNLGEHSVCDSVSAWVTKTTATDIKGNTVTVMENVNLDNKVYKEYFFETKCKNPNPEPSGCRGIDSSHWNSYCTETDTFIKALTMEGNQASWRFIRIDTACVCVITKKTGN,0,0,0,1,0,0,0,0,0,0,0
Q99134,MYKQIFLCLIIAALCATIMAEASAFADADEDDDKRYVRGMASKAGAIAGKIAKVALKALGRRDS,0,0,0,1,0,0,0,0,0,0,0
P46115,KKDGYPVEGDNCAFACFGYDNAYCDKLCKDKKADDGYCVWSPDCYCYGLPEHILKEPTKTSGRC,0,0,0,1,0,0,0,0,0,0,0
Q9PRS8,DPDGCGPGWVPTPGGCLGFFSRELSWSRAESFCRRWGPGSHLAAVRSAAELRLLAELLNASRGGDGSGEGADGRVWIGLHRPAGSRSWRWSDGTAPRFASWHRTAKARRGGRCAALRDEEAFTSWAARPCTERNAFVCKAAA,0,0,0,1,0,0,0,0,0,0,0
P83895,GKCADAWKSCDNLPCCVVNGYSRTCMCSANRCNCEETKKLREHFG,0,0,0,1,0,0,0,0,0,0,0
P01388,IRCFITPDVTSQICADGHVCYTKTWCDNFCASRGKRVDLGCAATCPTVKPGVNIKCCSTDNCNPFPTRNRP,0,0,0,1,0,0,0,0,0,0,0
P01386,TKCYVTPDATSQTCPDGQDICYTKTWCDGFCSSRGKRIDLGCAATCPKVKPGVDIKCCSTDNCNPFPTWKRKH,0,0,0,1,0,0,0,0,0,0,0
P01387,TKCYVTPDVKSETCPAGQDICYTETWCDAWCTSRGKRVDLGCAATCPIVKPGVEIKCCSTDNCNPFPTWRKRP,0,0,0,1,0,0,0,0,0,0,0
P01385,VICYRGYNNPQTCPPGENVCFTRTWCDAFCSSRGKVVELGCAATCPIVKSYNEVKCCSTDKCNPFPVRPRRPP,0,0,0,1,0,0,0,0,0,0,0
P01382,ITCYKTPIPITSETCAPGQNLCYTKTWCDAWCGSRGKVIELGCAATCPTVESYQDIKCCSTDDCNPHPKQKRP,0,0,0,1,0,0,0,0,0,0,0
P01383,KRCYRTPDLKSQTCPPGEDLCYTKKWCADWCTSRGKVIELGCVATCPKVKPYEQITCCSTDNCNPHPKMKP,0,0,0,1,0,0,0,0,0,0,0
P01380,LSCYLGYKHSQTCPPGENVCFVKTWCDGFCNTRGERIIMGCAATCPTAKSGVHIACCSTDNCNIYAKWGS,0,0,0,1,0,0,0,0,0,0,0
P01381,LSCYLGYKHSQTCPPGENVCFVKTWCDAFCSTRGERIVMGCAATCPTAKSGVHIACCSTDNCNIYTKWGSGR,0,0,0,1,0,0,0,0,0,0,0
P86424,LTCNTCAFKTCANSETCAAGKNICYQRKWNEHHGERIERKCVANCPELGSHDTSLLCCRIPDCN,0,0,0,1,0,0,0,0,0,0,0
P86422,LTCFNDFSPTAHTVEDCQRGITTCYMKTWRVHRETVIERGCGCPKVKPGIRLKCCTGNTCNY,0,0,0,1,0,0,0,0,0,0,0
P86421,LICYVSKDGETATCPPGQKCEKYAVSASHTGHWFYMYDCTSTCHIGPYNVCCSTDLCNR,0,0,0,1,0,0,0,0,0,0,0
P10808,RICLNQQQSTPEDQPTNGQCYIKTDCQNKTWNTHRGSRTDRGCGCPKVKPGINLRCCKTDKCNE,0,0,0,1,0,0,0,0,0,0,0
P81160,MKTPLFLLLVVLASLLGLALSQDRNDTEWIQSQKDREKWCRLNLGPYLGGRCRK,0,0,0,1,0,0,0,0,0,0,0
P81017,DQDCLSGWSFYEGHCYQLFRLKTWDEAEKYCNQWDGGHLVSIESNAKAEFVAQLISRKLPKSAIEDRVWIGLRDRSKREQCGHLWTDNSFVHYEHVVPPTKCFVLERQTEFRKWIAVNCEFKFPFVCKAKIPR,0,0,0,1,0,0,0,0,0,0,0
P84062,AELKSCFPVGHECDDDASNCNCCGDDVYCACGWGRWNCKCKVADQSYAYGICKDKVNCPNRHLWPAKECKMPCRRNCG,0,0,0,1,0,0,0,0,0,0,0
P80494,LTCVTSKSIFGITTENCPDGQNLCFKKWYYLNHRYSDITWGCAATCPKPTNVRETIHCCETDKCNE,0,0,0,1,0,0,0,0,0,0,0
P85420,TPEQQRYVDLFIVVDHGMFMKYNGNSDKIRRRIHQMVNIMKEAYSTMYIDILLTGVEIWSNKDLINVQPAAPQTLDSFGEWRKTDLLNRKSHDNAQLLTSTDFNGPTIGLAYVGSMCDPKRSTGVIQDHSEQDLMVAITMAHELGHNLGISHDTGSCSCGGYSCIMSPVLSHEPSKYFSDCSYIQCWDFIMKENPQCILNKR,0,0,0,1,0,0,0,0,0,0,0
H2A0M9,MKNAVLVFLLLSVFALSVNAYGYGCGWYGCPYGSKCICPYYGKCYCVPVYGKNCYIYGCPYPKVCVYGVCKWRYKY,0,0,0,1,0,0,0,0,0,0,0
P83469,CTTGPCCRQCKLKPAGTTCWKTSLTSHYCTGKSCDCPLYPG,0,0,0,1,0,0,0,0,0,0,0
Q3E880,MVSIRVICYLLVFSVLQVHAKVSNANFNSQAPQMKNSEGLGASNGTQIAKKHAEDVIENRKTLKHVNVKVEANEKNGLEIESKEMVKKRKNKKRLTKTESLTADYSNPGHHPPRHN,0,0,0,1,0,0,0,0,0,0,0
P81946,LICYNQLGTKPPTTETCGDDSCYKMIWTYDGVIRRGCGCFTPRGDMPRPRCCKSDKCNL,0,0,0,1,0,0,0,0,0,0,0
P84809,MISVQVIFIAFISIIAFSMVCGGNVFPNRELGILYGCKGYGNAFCDKVCKMHLARGGGRCGEPNPVMWACECIDIDEDNGYFLNALEKQCPLLKG,0,0,0,1,0,0,0,0,0,0,0
Q7LZK1,DCASGPCCRDCKFLKEGTICKRARGDNMDDYCNGKTCDCPRNPHKGEHDP,0,0,0,1,0,0,0,0,0,0,0
Q941C5,MATTIDQTSIKSLHFHQVIRLIITIIFLAFLFLIGPTSSMNHHLHESSSKNTMAPSKRFLLQPSTPSSSTMKMRPTAHPRRSGTSSSSARKRRREFRAEAHEVPSGPNPISN,0,0,0,1,0,0,0,0,0,0,0
P83608,CAKKREWCAKTEDCCCPMKCIYAWYNEQSSCQTTFSGMFKKC,0,0,0,1,0,0,0,0,0,0,0
P83644,GVRDAYIADDKNCVYTCGANSYCNTECTKNGAESGYCQWFGKYGNACWCIKLPDKVPIRIPGKCR,0,0,0,1,0,0,0,0,0,0,0
P15815,RTCLISPSSTSQTCPKGQDICFTKAFCDRWCSSRGPVIEQGCAATCPEFTSRYKSLLCCTTDNCNH,0,0,0,1,0,0,0,0,0,0,0
P84646,GVRDAYIADDKNCVYTCASNGYCNTECTKNGAESGYCQWIGRYGNACWCIKLPDEVPIRIPGKCR,0,0,0,1,0,0,0,0,0,0,0
Q7Z1Y7,MSHSSTALLHPYVAARATEKFAPIYFFCHPLQSAETDVAERANKRPIWIMGHMVNANYQIDEFVNLGANSIETDVSFDSSANPEYTYHGVPCDCRGWCKKWEYFNNFLKALRKATTPGDSKYHEKLVLVVFDLKTGSLYDNQAYDAGKKLAKNLLQHYWNNGNNGGRAYIVLSIPNLAHYKLITGFKETLKTEGHPELMEKVGYDFSGNDNIDQVANAYKKAGVTGHVWQSDGITNCLLRGLDRVRKAVANRDSSNGYINKVYYWTVDKRQSTKNALDAGVDGIMPNYPDVIADVPNESAYKAKFRIASYDDNPWETFKN,0,0,0,1,0,0,0,0,0,0,0
P83911,ACAGLYKKCGKGVNTCCENRPCKCDLAMGNCICKKKFVEFFGG,0,0,0,1,0,0,0,0,0,0,0
Q9P8V9,MLFLLFLLITPIYAGLIFPTKPSSDPFYNPPKGFEKAAVGDILQSRETPKSITGRFAPLKIQNSWQLLVRSEDSFGNPNAIVTTVIEPVNADPSKIASYQVFEDAAKADCAPSYALQFGSDLTTFVTQAEMYLMAPLLDQGYYVVSPDYEGPKSTFTIGKQSGQAVLNSIRATLKSSKITNIKEDAKVVMWGYSGGSLASGWAAALQPSYAPELSSSLLGAALGGFVTNITATAQAADGTVFAGIVANALGGVANEYPEFKSILQSDTDKKSVFDEFDSHCLADGVIDYINTSFLTGDNKIFKTGWDILKSPTIAKIVEDNGLVYQKQLVPKIPIFVYHGSIDQIVPIVNVKKTYQNWCEGGISSLEFAEDGTNGHLTETVVGAPAALTWIIDRFNGKQTVSGCQHDKRLSNFQYPNISSSILKYFKVALDTMMSNGLGSDIQKDKITPDDLRKFLLGGW,0,0,0,1,0,0,0,0,0,0,0
P59276,LECHNQQSSQAPTTKTCSGETNCYKKWWSDHRGTIIERGCGCPKVKPGVNLNCCRTDRCNN,0,0,0,1,0,0,0,0,0,0,0
P59275,LECHNQQSSQTPTTKTCSGETNCYKKWWSDHRGTIIERGCGCPKVKPGVNLNCCRRDRCNN,0,0,0,1,0,0,0,0,0,0,0
P59071,SLLEFGKMILEETGKLAIPSYSSYGCYCGWGGKGTPKDATDRCCFVHDCCYGNLPDCNPKSDRYKYKRVNGAIVCEKGTSCENRICECDKAAAICFRQNLNTYSKKYMLYPDFLCKGELKC,0,0,0,1,0,0,0,0,0,0,0
P32879,LTCCNQQSSQPKTTTDCADNSCYKKTWQDHRGTRIERGCGCPQVKPGIKLECCKTNECNN,0,0,0,1,0,0,0,0,0,0,0
P86500,FELLPSQDRSCCIQKTLECLENYPGQASQRAHYCQQDATTNCPDTYYFGCCPGYATCMSINAGNNVRSAFDKCINRLCFDPGH,0,0,0,1,0,0,0,0,0,0,0
P01399,LTCFNCPEVYCNRFHTCRNGEKICFKRFNERKLLGKRYTRGCAATCPVAKPREIVECCSTDRCNH,0,0,0,1,0,0,0,0,0,0,0
P01395,RTCYKTPSVKPETCPHGENICYTETWCDAWCSQRGKRVELGCAATCPKVKAGVGIKCCSTDNCNPFPVWNPRG,0,0,0,1,0,0,0,0,0,0,0
P01394,RTCYKTPSVKPETCPHGENICYTETWCDAWCSQRGKREELGCAATCPKVKAGVGIKCCSTDNCDPFPVKNPR,0,0,0,1,0,0,0,0,0,0,0
P01396,RTCNKTFSDQSKICPPGENICYTKTWCDAWCSQRGKRVELGCAATCPKVKAGVEIKCCSTDDCDKFQFGKPR,0,0,0,1,0,0,0,0,0,0,0
P01390,IRCFITPDVTSQACPDGHVCYTKMWCDNFCGMRGKRVDLGCAATCPKVKPGVNIKCCSRDNCNPFPTRKRS,0,0,0,1,0,0,0,0,0,0,0
P01393,RTCYKTYSDKSKTCPRGEDICYTKTWCDGFCSQRGKRVELGCAATCPKVKTGVEIKCCSTDYCNPFPVWNPR,0,0,0,1,0,0,0,0,0,0,0
Q59NP5,MRFSQATVLAFAALSLAAPAFEADNKNIKREDCDKTSFHGHHKHKRAVAYDYAYVTVTVDGNGNPITTVSPVLSIETIAKSEETSSTSTSISSTTTIVQNDSLTSDEPKTLSLPSGTIKPSSFATESQSQSQSSSTGGSGSGSTNGIEGDLAAFEDPTEEFQDGVLSCSDFPSGQGVIPLDHLGFGGWSGIENSDGSTGGNCKEGSYCSYACQSGMSKTQWPEDQPSNGVSIGGLLCKNGKLYKSSTRSNYLCEWGVKKANVVNKLSETVAICRTDYPGTENMVIPTVVGGGSTSVITVVDQSTYYTWRGGATSAQYYVNNAGVSWEDGCVWGTPGSGVGNWAPLNFGAGYANGIAYLSLIPNPNNRDSLNFKVKIVGESGSTVSGSCSYANGKFNGNSDDGCTVGVTSGEADFVLYN,0,0,0,1,0,0,0,0,0,0,0
Q9FLG1,MGSSSPLTRRNRAPPSSVSSVYLIFLCFFLYFLNFSNAQSSPVFACDVAANPSLAAYGFCNTVLKIEYRVADLVARLTLQEKIGFLVSKANGVTRLGIPTYEWWSEALHGVSYIGPGTHFSSQVPGATSFPQVILTAASFNVSLFQAIGKVVSTEARAMYNVGLAGLTYWSPNVNIFRDPRWGRGQETPGEDPLLASKYASGYVKGLQETDGGDSNRLKVAACCKHYTAYDVDNWKGVERYSFNAVVTQQDMDDTYQPPFKSCVVDGNVASVMCSYNQVNGKPTCADPDLLSGVIRGEWKLNGYIVSDCDSVDVLYKNQHYTKTPAEAAAISILAGLDLNCGSFLGQHTEEAVKSGLVNEAAIDKAISNNFLTLMRLGFFDGNPKNQIYGGLGPTDVCTSANQELAADAARQGIVLLKNTGCLPLSPKSIKTLAVIGPNANVTKTMIGNYEGTPCKYTTPLQGLAGTVSTTYLPGCSNVACAVADVAGATKLAATADVSVLVIGADQSIEAESRDRVDLHLPGQQQELVIQVAKAAKGPVLLVIMSGGGFDITFAKNDPKIAGILWVGYPGEAGGIAIADIIFGRYNPSGKLPMTWYPQSYVEKVPMTIMNMRPDKASGYPGRTYRFYTGETVYAFGDGLSYTKFSHTLVKAPSLVSLGLEENHVCRSSECQSLDAIGPHCENAVSGGGSAFEVHIKVRNGGDREGIHTVFLFTTPPAIHGSPRKHLVGFEKIRLGKREEAVVRFKVEICKDLSVVDEIGKRKIGLGKHLLHVGDLKHSLSIRI,0,0,0,1,0,0,0,0,0,0,0
Q9P4E6,MLYLILFLIAPIYAGVLLPTKPSIDPFYNAPEGFKNATVGDILQFRKTPKSITGGFVPLNVQNSWQFLVRSEDSFGNPNVIVTTVIEPVNADPSKIASYQVSENAARADCAPSYALQFGSDVSTLATQAETYLLAPLLDKGYYVVSPDYEGPKSTFTVGKQSGQAVLNSIRASLKSGKITNIAEDAKVVMWGYSGGSLASGWAAALQPDYAPELSRNLLGVALGGFITNVTATVEATDDTIFAGIAANVLGGIANEYPEFKSILQNDTNKSSIFNKINNHCLTDSFIKYVGARFLTGDNKVFKSGWNIFKNLVVSKIVKDNGLVYQKQLIPTIPVFIYHGSMDQISPILNPKKTYQNWCDAGISSIEFAEDLTNGHFTESIVGAPAALTWIIDRFSNKPPVDGCQHVVRTTNYEYPNVSSSILDYFKAAMDVVAQQGLGPNIQKDQLEIKSNL,0,0,0,1,0,0,0,0,0,0,0
Q9SS03,MASLYLLLLLPLFLALILAATITESKSFSTTVKAPYPGHKPDKLTHLHFYFHDIVSGDKPTSVQVANGPTTNSSATGFGLVAVVDDKLTVGPEITSEEVGRAQGMYASADQNKLGLLMAFNLVFTKGKFSDSTVAMYGRNPVLSKVREMPIIGGTGAFRFGRGYALAKTLVFNITSGDAVVEYNVYIWH,0,0,0,1,0,0,0,0,0,0,0
P82971,IIFPGTLWCGNGNLANGTNQLGSWKETDSCCRTHDMCPDLIEAHGSKHGLTNAADYTRLSCECDEEFRRCLHNSGDTVSAGFVGRTYFTVLHTQCFRLDYPIVKCKVKSTILHRSKCYDFETFAPKKYQWFDVLQY,0,0,0,1,0,0,0,0,0,0,0
B4YSU8,MQKATVLLLALLLLLPLSTAQDAEGSQEDAAQREVDIATRCGGTGDSCNEPAGELCCRRLKCVNSRCCPTTDGC,0,0,0,1,0,0,0,0,0,0,0
B3A0P0,IIECFFSCEIEKDGKSKEGKPCKPKGDKDKDKKCGGWRCKIKMCIKI,0,0,0,1,0,0,0,0,0,0,0
P86368,SLLEFGMMILEETGKLAVPFYSSYGCYCGWGGKATPKDATDRCCFVHDCCYGNLPDCNPKSDRYKYKRVNGAIVCEQGTSCENRICECDKAAAICFRRNLNTYSKIYMLYPDFLCKGELKC,0,0,0,1,0,0,0,0,0,0,0
P80156,TKCYKTGDRIISEACPPGQDLCYMKTWCDVFCGTRGRVIELGCTATCPTVKPHEQITCCSTDNCNPHPKMKQ,0,0,0,1,0,0,0,0,0,0,0
